time_s,ers_H,ers_M,ers_Lharvest,ers_Lderate,most_likely_ers,most_likely_override,most_likely_tyre,true_SOC,true_temperature_C,true_voltage_V,true_current_A,true_ers,brier
0.0,0.0808255251326504,0.85254802461976,0.0307679216405945,0.0358585286069951,M,available,moderate,0.5,298.15,679.49431867315,-205.292202840264,M,0.03050734963244406
1.0,0.0894859960343564,0.8510133454547105,0.0284180749383444,0.0310825835725885,M,available,moderate,0.487745776251631,299.673851585497,627.358321423204,-254.884241373597,M,0.03197848070360658
2.0,0.0965094068397717,0.8479472801499793,0.0269434878607906,0.0285998251494581,M,available,moderate,0.473863505873976,301.585038252278,628.371935046095,-250.598110741309,M,0.03397799675903759
3.0,0.1022566055454572,0.8443856430154498,0.0260392531840744,0.0273184982550184,M,available,moderate,0.46158078042518,303.205067509101,649.696747785492,-226.932525564234,M,0.03609658453068802
4.0,0.1069960391267137,0.8408425708095235,0.0254983003045908,0.0266630897591719,M,available,moderate,0.46158078042518,303.205067509101,649.696747785492,-226.932525564234,M,0.038140323329255536
5.0,0.1109288781375484,0.8375538901271371,0.0251846956881988,0.0263325360471156,M,available,moderate,0.438343227375112,305.968502966596,655.493944363774,-216.774842782597,M,0.040021625969261135
6.0,0.1142082780774513,0.8346107024994536,0.0250110992977081,0.026169920125387,M,available,moderate,0.426255049266122,307.425397730844,645.063319150764,-224.515800344274,M,0.04170757031658964
7.0,0.1169529770277814,0.8320311743141756,0.0249222432804146,0.0260936053776282,M,available,moderate,0.416244255134709,308.491792907941,786.397804066775,-87.8350627437326,M,0.043193519689667184
8.0,0.1192566390443311,0.8297985960686675,0.0248835858007732,0.026061179086228,M,available,moderate,0.413717916085545,308.604437508037,878.265684552532,0.0,M,0.044489041754015385
9.0,0.1214355620347429,0.8291420044136596,0.0211036010317492,0.0283188325198481,M,spent,moderate,0.420382799657148,309.980155581239,1339.25283518293,437.5,Lharvest,1.661263175398091
10.0,0.1231761325661143,0.8280785186196677,0.0193180089932153,0.0294273398210025,M,spent,moderate,0.451240477585843,317.209013507141,1265.76875585537,363.585581086264,Lharvest,1.6634895284472604
11.0,0.1246083985083654,0.8269881164126434,0.0183139522788811,0.03008953280011,M,spent,moderate,0.462740318464836,318.978685109141,963.843516943135,77.1333190906495,Lharvest,1.6640494739409912
12.0,0.1256265566285877,0.8252380847089965,0.0212543019632567,0.027881056699159,M,spent,moderate,0.4644190518185,319.021979805298,882.650154986497,0.0,M,0.047552857441142654
13.0,0.1264906329196269,0.8236931550260894,0.0230169507602321,0.0267992612940514,M,spent,moderate,0.4644190518185,319.021979805298,882.650154986497,0.0,M,0.04833196422926812
14.0,0.1272406570666778,0.8224366405275559,0.0240171275175993,0.0263055748881668,M,spent,moderate,0.464422250697276,319.007413479183,882.650398613105,0.0,M,0.04898773712229387
15.0,0.1278969168397682,0.8214593756486004,0.0245290722697406,0.0261146352418907,M,available,moderate,0.461979954801241,319.098709777314,786.497898057429,-91.0118971215067,M,0.04951802544113733
16.0,0.1284688436269477,0.8207052596473157,0.0247618220126553,0.0260640747130812,M,available,moderate,0.454453321622535,319.752581347975,649.181226471721,-220.395956332306,M,0.049943331521017126
17.0,0.1195418494867379,0.8239650445254474,0.0267400963233816,0.0297530096644329,M,available,moderate,0.443654014737844,320.997207151665,623.595423068231,-243.374974120679,M,0.046878833663113184
18.0,0.1058824998765021,0.8290537050085475,0.0296429968242136,0.0354207982907365,M,available,moderate,0.431186376956955,322.551238495871,600.265480539899,-263.937674253,H,1.4889094900277664
19.0,0.0971909902295833,0.8333103953996963,0.0312571970059072,0.0382414173648129,M,available,moderate,0.418904262339288,324.2287932459,608.860885604131,-254.387848326276,M,0.03967093123034845
20.0,0.0917713074441889,0.8368922406578566,0.0320297666042126,0.0393066852937416,M,available,moderate,0.406900727567625,325.824371662439,637.036876915944,-226.525279230512,M,0.037597035485131984
21.0,0.088531716705453,0.8398403008232064,0.0322690580444783,0.0393589244268623,M,available,moderate,0.395300807967264,327.160843524822,674.246871673959,-190.359504644021,M,0.03607941114233298
22.0,0.0867577957167388,0.8421834610683397,0.0321846746934335,0.0388740685214877,M,available,moderate,0.386244099602833,328.101616233962,689.304141906196,-175.319838331195,M,0.03498002156653108
23.0,0.0859746964877329,0.8439671917772935,0.0319165146757486,0.038141597059225,M,available,moderate,0.376217855992791,329.090338322198,687.985024863619,-175.526076561148,M,0.03421133101329725
24.0,0.0858624288720902,0.8452538120738449,0.0315555884234562,0.0373281706306087,M,available,moderate,0.367435389429359,329.887533182988,714.293510348714,-150.097276866739,M,0.03370788685287007
25.0,0.0862027960038413,0.8461146500620693,0.0311591041094993,0.0365234498245899,M,available,moderate,0.360733021747448,330.443607969547,721.530525503225,-142.703321633601,M,0.03341647512039521
26.0,0.0868455315940887,0.8466221023966327,0.0307613877914275,0.0357709782178509,M,available,moderate,0.351636569263903,331.194633642821,709.505993584136,-153.010268049654,M,0.03329275169260543
27.0,0.0945346680093114,0.8459153771505644,0.0285381947779285,0.0310117600621955,M,available,moderate,0.34359684315481,331.87730480384,757.153550993889,-107.982390732575,M,0.0344550322776217
28.0,0.1007430319304836,0.8435896236825718,0.027129588358925,0.0285377560280194,M,available,moderate,0.338724151025377,332.126278332863,799.227809806409,-68.5118724564802,M,0.036163782385945406
29.0,0.1060335417093823,0.8420549809112937,0.0222670799162591,0.0296443974630648,M,spent,moderate,0.342143311343934,332.939789584974,1344.637096757,437.5,Lharvest,1.6771401561613817
30.0,0.1103051873882718,0.8396750260205893,0.0199350004710493,0.0300847861200896,M,spent,moderate,0.36552452535671,338.787357496265,1332.76447893329,426.588710954527,Lharvest,1.6786538813450127
31.0,0.1138143746227748,0.8371702383433178,0.0186389191007164,0.0303764679331908,M,spent,moderate,0.376641514878028,340.493906987065,993.011713669165,109.319199816389,Lharvest,1.6778000207464874
32.0,0.116558870935946,0.8340236005453406,0.0214599332948723,0.0279575952238409,M,spent,moderate,0.379027057032925,340.59192761774,876.146700663628,0.0,M,0.042376291437515666
33.0,0.1188578270371747,0.831213309438531,0.0231499322055722,0.026778931318722,M,spent,moderate,0.379019326718877,340.577243232555,866.337877070733,-9.1645642466262,M,0.04386916048238744
34.0,0.0956610113131349,0.8357230869478874,0.0298004542809372,0.0388154474580403,M,spent,moderate,0.37371908274006,340.864579178347,754.519693178403,-113.160741147926,M,0.03853263928410119
35.0,0.0707107056293761,0.8336228096748568,0.0380869169102953,0.0575795677854716,M,available,moderate,0.366773155421422,341.390738484241,740.942427631512,-125.186670947416,M,0.03744739321718666
36.0,0.0515396748641842,0.8191211384019407,0.0469316799917554,0.0824075067421195,M,available,moderate,0.36037193129173,341.816159335226,754.942702848696,-111.55231529719,M,0.04436708041241672
37.0,0.0386970008177661,0.7916474050437218,0.0558989421983207,0.1137566519401913,M,available,moderate,0.3544292023327,342.199605085053,744.265815338559,-120.946595345525,M,0.06097352929683815
38.0,0.0319245317903039,0.7590873684801375,0.0634113419417823,0.1455767577877762,M,available,moderate,0.348723886413453,342.535972108912,833.827420600586,-37.185204529029,M,0.08427166245071369
39.0,0.0282840412430412,0.7242241958155176,0.0697555199198995,0.1777362430215417,M,available,moderate,0.350622889363485,342.630924010274,873.983439253923,0.0,M,0.11330828580534409
40.0,0.0262351842637944,0.6885438949345534,0.0751181420687072,0.2101027787329449,M,available,moderate,0.349962869046075,342.629012542345,825.025459223819,-45.4631065206709,M,0.14747910317505306
41.0,0.0237809545582672,0.6431221610606385,0.0807607568679172,0.2523361275131769,M,available,moderate,0.345895733628433,342.797509226625,758.408320599082,-107.023373996487,M,0.19812314682395635
42.0,0.0214336581833812,0.5891778105484794,0.0859721063097738,0.3034164249583654,M,available,moderate,0.339769673055898,343.169176939313,756.190744233645,-108.532301778273,M,0.26868700304671755
43.0,0.0193281860474359,0.5284896709202612,0.0901750440730651,0.3620070989592376,M,available,moderate,0.334627178035196,343.444148234041,806.689408324403,-61.2557659961501,M,0.36187624747523034
44.0,0.017960313078713,0.4690383563997871,0.0927623815198611,0.4202389490016388,M,available,moderate,0.333588765940775,343.453665305147,868.597151185375,-3.78999649600887,M,0.4674484735037631
45.0,0.0169435878409445,0.4125172623559371,0.0939414706301321,0.4765976791729862,Lderate,available,moderate,0.337775920048089,343.809772905291,995.601857682399,113.716973447681,Lharvest,1.2185449833475253
46.0,0.0161149991215129,0.3602033149788429,0.0939549039788425,0.5297267819208017,Lderate,available,moderate,0.339398315387454,343.88141718114,845.038421883458,-26.0630103802558,M,0.6990374788265903
47.0,0.0149239741946725,0.3080324348455277,0.0928544318760491,0.5841891590837506,Lderate,available,moderate,0.332017907433704,344.494834412554,660.573072096374,-196.438654485688,M,0.8289407553415756
48.0,0.0157040897365666,0.2772892813738052,0.0919288942164554,0.6150777346731727,Lderate,available,moderate,0.320716726196027,345.814674285507,626.71210859624,-226.565824636075,M,0.9093289425341871
49.0,0.0173521214797537,0.2622670230561464,0.0917671035765371,0.6286137518875626,Lderate,available,moderate,0.310287860302627,347.06849958463,641.659414506841,-211.619703144441,M,0.9481274917512736
50.0,0.0194812904411027,0.2589891268451071,0.0923920392488568,0.6291375434649334,Lderate,available,moderate,0.299420423794275,348.38818292937,644.366852882448,-207.959289781218,M,0.9538269723246806
51.0,0.0219347143952242,0.2649431936228376,0.0936120940031959,0.6195099979787422,Lderate,available,moderate,0.287100360473799,349.927647897743,666.758355827378,-186.062786031292,M,0.9333455020362776
52.0,0.0246334422131676,0.2785958173268024,0.0951628607329127,0.6016078797271172,Lderate,available,moderate,0.276857298862755,351.006650548036,686.930593748324,-166.501906492315,M,0.8920188122662829
53.0,0.0275236422066889,0.2989963138999627,0.0967609659425333,0.576719077950815,Lderate,available,moderate,0.268308707257184,351.796141395371,683.136419409832,-169.133693868634,M,0.8341312982087317
54.0,0.0305557520083063,0.3254853680338178,0.0981259370484367,0.545832942909439,Lderate,available,moderate,0.258780114597766,352.747737139199,673.576450283376,-176.934628101948,M,0.7634659438040801
55.0,0.033675436006862,0.3574777651980071,0.0989942554796165,0.5098525433155143,Lderate,available,moderate,0.249510319936072,353.659455954527,683.358338592769,-167.073881659329,M,0.6837183357484615
56.0,0.0368202477616524,0.3942979190518393,0.0991353263470348,0.4697465068394733,Lderate,available,moderate,0.240986177739929,354.505955025975,689.030937417042,-161.102773252881,M,0.5987203351279821
57.0,0.0399203278466532,0.4350649808004603,0.0983717273791844,0.4266429639737019,M,available,moderate,0.234625137476395,354.956522319241,792.381502856112,-65.900326089003,M,0.5124464239491986
58.0,0.0429026543385888,0.4786379859056859,0.096601232014739,0.3818581277409862,M,available,moderate,0.2317876342333,355.034785508896,837.821701293098,-23.9823200689379,M,0.4288064152383929
59.0,0.0670247188185736,0.5899241286327723,0.0710999965475643,0.2719511560010896,M,spent,moderate,0.241745700592522,357.388681270985,1343.67426831134,437.5,Lharvest,1.2893154381401086
60.0,0.0869288921267073,0.6793621688611541,0.0612375370886489,0.1724714019234897,M,available,moderate,0.259317152868594,361.12737634562,916.093976275806,44.8885765578149,Lharvest,1.3801109350189478
61.0,0.1010959629665193,0.7387354505569456,0.0511218749109659,0.1090467115655691,M,available,moderate,0.255748843658097,361.364540149945,686.297231058769,-164.999274527317,M,0.09298418992148695
62.0,0.1105616486550404,0.7749862163598806,0.0427591306092476,0.0716930043758312,M,available,moderate,0.246964219418319,362.193231798114,714.377318698197,-138.494747272005,M,0.0698233111082547
63.0,0.0523489235031534,0.7369358358205665,0.0624957552626263,0.1482194854136536,M,available,moderate,0.238265516238613,362.984955257458,695.608796466241,-154.831917718325,M,0.0978178995494973
64.0,0.0276831563929556,0.6494340361534678,0.0773636069271927,0.2455192005263836,M,available,moderate,0.22854242791127,363.997545067861,664.51425410294,-182.410577329645,M,0.18992765765942468
65.0,0.0254357148185043,0.6145498880230253,0.0805845653830649,0.2794298317754053,M,available,moderate,0.2194651376124,364.876944791468,677.972051363006,-169.247385345687,M,0.23379366747539937
66.0,0.0289103425475862,0.6165736578598217,0.0798045518168418,0.2747114477757503,M,available,moderate,0.210270822885289,365.77463682237,650.622067370528,-193.528425400597,M,0.22968671378295163
67.0,0.0343730299272165,0.6394299306753337,0.0769818398342471,0.2492151995632025,M,available,moderate,0.199394644351213,367.029611678384,615.492472119797,-224.890163206202,M,0.1992266994367645
68.0,0.0404847045427418,0.6723619371304472,0.0727481595546453,0.2144051987721657,M,available,moderate,0.188837455570436,368.268738208062,637.725647672979,-203.512758044293,M,0.16024759552194612
69.0,0.0465697478866725,0.7080720830331757,0.0675572607645399,0.1778009083156118,M,available,moderate,0.17810499842545,369.507477323188,649.312571558414,-191.880159396373,M,0.12356779660268194
70.0,0.0522469030824976,0.7417864602878828,0.061901295803339,0.1440653408262805,M,available,moderate,0.168199401813119,370.49169208393,673.169945743208,-168.943694411732,M,0.09399056382189788
71.0,0.0573299980896877,0.7708275818711284,0.0562613767641861,0.1155810432749977,M,available,moderate,0.159339891231667,371.328385379031,671.36552851827,-169.792752843768,M,0.07233104599193653
72.0,0.0617740073580499,0.794183011810157,0.0510184595403514,0.0930245212914415,M,available,moderate,0.150403341279561,372.180629535515,668.86972483873,-171.277661322279,M,0.057433105387982686
73.0,0.065623433962196,0.8119746547998724,0.0464067805938727,0.0759951306440589,M,available,moderate,0.14115063374362,373.043295628307,705.525591283557,-136.402606262532,M,0.047588814689313266
74.0,0.0689658256541984,0.8249393637084705,0.0425197064762914,0.0635751041610396,M,available,moderate,0.136371807559944,373.311784054425,832.999113086717,-17.5503257432599,M,0.04125223079487746
75.0,0.0713271015577806,0.8347273396073681,0.0338001958961519,0.0601453629386993,M,spent,moderate,0.139479164225465,373.710696381943,1151.27330620012,277.538353352445,Lharvest,1.6390168130379705
76.0,0.0728425124748338,0.8409208947055462,0.0287695160518124,0.0574670767678075,M,spent,moderate,0.156879768427162,377.211759916766,1011.34016879558,145.219084127152,Lharvest,1.6590451006384903
77.0,0.0737559463907822,0.8445850711706823,0.0306186592393746,0.0510403231991609,M,spent,moderate,0.158988875248248,377.30194190916,854.767654564844,0.0,M,0.033136356616913575
78.0,0.0743454305092919,0.8468596113894202,0.031741772785868,0.0470531853154196,M,spent,moderate,0.155740085754251,377.442359247442,730.699163238198,-114.512930504534,M,0.03220076404932823
79.0,0.0712423600793022,0.8471766786975419,0.0336131954653348,0.0479677657578209,M,spent,moderate,0.14663778617293,378.271940647328,665.533122788106,-174.023359488753,M,0.03186119486477128
80.0,0.0662483330264521,0.8460773219838248,0.0359330365394343,0.0517413084502888,M,spent,moderate,0.135959980726729,379.475438554372,648.129413003376,-189.202227335559,M,0.032049378551547096
81.0,0.0637914687024576,0.8457591714040312,0.0370916548388993,0.0533577050546118,M,available,moderate,0.126533851908115,380.508010633823,642.820635317396,-193.290043468843,M,0.03208242023257063
82.0,0.0629032987181058,0.8460794753971329,0.0374768448370865,0.0535403810476746,M,available,moderate,0.113949011279197,382.062951270639,634.568613426157,-199.850292983798,M,0.03191943918531431
83.0,0.0629859398190448,0.8468106638654305,0.0373830103936638,0.0528203859218608,M,available,moderate,0.102725367745371,383.376457314373,597.625887027964,-233.332543562768,M,0.03162168395526555
84.0,0.0636654151414443,0.8477421862236686,0.0370110683656991,0.0515813302691877,M,available,moderate,0.0906731329054958,384.881833731842,615.088044765164,-215.762892670952,Lderate,1.6235878916639517
