time_s,speed_kmh,throttle_pct,brake,gap_s,active_aero,sector,lap,tyre_life
6988.145,310.0,99.0,0.0,0.12030806302856835,0.0,0,18,15.0
6989.145,316.0,99.0,0.0,4.441509325669318,0.0,0,18,15.0
6990.145,317.0,99.0,0.0,4.518126399248421,0.0,0,18,15.0
6991.145,317.33333333333206,100.0,0.0,4.586204792065354,0.0,0,18,15.0
6992.145,317.0,99.0,0.0,4.657776513393556,0.0,0,18,15.0
6993.145,317.5000000000014,99.0,0.0,4.612837730664592,0.0,0,18,15.0
6994.145,317.0,99.0,0.0,4.539729975853041,0.0,0,18,15.0
6995.145,316.85714285714334,99.0,0.0,0.026635679336443417,0.0,0,18,15.0
6996.145,307.49999999999716,99.0,0.0,0.03897424272565254,0.0,0,18,15.0
6997.145,293.62999999997885,54.954999999749774,0.0,0.12572165528525878,0.0,0,18,15.0
6998.145,183.499999999946,1.0,1.0,0.04900770015533116,0.0,0,18,15.0
6999.145,112.74999999997868,0.0,1.0,1.0263462179589282,0.0,0,18,15.0
7000.145,76.49999999999052,0.16666666666982466,1.0,0.9881932679458262,0.0,0,18,15.0
7001.145,71.0,20.285714285661385,0.0,1.1446670581811338,0.0,0,18,15.0
7002.145,67.66666666667004,23.33333333334007,0.0,1.5762293796884908,0.0,0,18,15.0
7003.145,88.39501779362307,56.81138790039509,0.0,2.1120806773882075,0.0,0,18,15.0
7004.145,129.57788944725183,84.98994974875083,0.0,2.7312267149653344,0.0,0,18,15.0
7005.145,169.0,99.0,0.0,3.3029157928055097,0.0,0,18,15.0
7006.145,218.25000000001918,99.74999999999787,0.0,3.660727079744924,0.0,0,18,15.0
7007.145,245.0,99.0,0.0,3.8608263348599428,0.0,0,18,15.0
7008.145,265.20000000000636,99.6000000000009,0.0,4.071208897428018,0.0,0,18,15.0
7009.145,275.68421052631976,100.0,0.0,4.200558928213349,0.0,0,18,15.0
7010.145,283.2437500000044,100.0,0.0,4.310561625266853,0.0,0,18,15.0
7011.145,287.0,100.0,0.0,4.396332457469939,0.0,0,18,15.0
7012.145,287.0,100.0,0.0,4.442705119182085,0.0,0,18,15.0
7013.145,285.4545454545424,100.0,0.0,4.775115079771598,0.0,0,18,15.0
7014.145,283.0,100.0,0.0,4.8739162441512995,0.0,0,18,15.0
7015.145,287.60000000000093,99.0,0.0,0.025439061798166455,0.0,0,18,15.0
7016.145,292.60000000000184,99.8000000000009,0.0,0.05070334049904735,0.0,1,18,15.0
7017.145,284.00833333332747,99.0,0.0,0.093841307650893,0.0,1,18,15.0
7018.145,221.49999999996447,3.4999999999928946,1.0,0.07943110497895894,0.0,1,18,15.0
7019.145,131.9999999999818,0.19999999999909046,1.0,0.011504541391431694,0.0,1,18,15.0
7020.145,99.3333333333207,4.500000000028422,1.0,1.9610291615586362,0.0,1,18,15.0
7021.145,97.28571428573935,41.42857142859927,0.0,2.4570479326850623,0.0,1,18,15.0
7022.145,118.0,61.0,0.0,2.87289469723146,0.0,1,18,15.0
7023.145,149.2321428571806,99.0,0.0,3.3036083462373713,0.0,1,18,15.0
7024.145,178.3800000000141,99.0,0.0,3.4847610237271867,0.0,1,18,15.0
7025.145,196.7142857142899,99.0,0.0,3.4516181476880137,0.0,1,18,15.0
7026.145,212.80000000000547,99.0,0.0,3.335270897074143,0.0,1,18,15.0
7027.145,222.20000000000317,63.249999999978115,1.0,3.199395234596254,0.0,1,18,15.0
7028.145,199.0,17.0,1.0,3.1669434564867904,0.0,1,18,15.0
7029.145,189.66666666667004,73.00000000001768,0.0,3.4416510916459364,0.0,1,18,15.0
7030.145,198.2437500000044,100.0,0.0,3.545540451938922,0.0,1,18,15.0
7031.145,212.0,99.0,0.0,3.424627745030006,0.0,1,18,15.0
7032.145,222.14285714285992,99.0,0.0,3.1839611720785697,0.0,1,18,15.0
7033.145,218.99999999999716,99.0,0.0,3.012874373550676,0.0,1,18,15.0
7034.145,181.9999999999801,8.500000000009948,1.0,3.1216761682649405,0.0,1,18,15.0
7035.145,172.0,70.25000000002132,0.0,3.407464028180678,0.0,1,18,15.0
7036.145,197.9812500000132,99.99375000000441,0.0,3.814709020486901,0.0,1,18,15.0
7037.145,230.32500000000587,99.0,0.0,4.160881032573852,0.0,1,18,15.0
7038.145,252.33333333333965,99.16666666666983,0.0,4.493018671662859,0.0,1,18,15.0
7039.145,271.14285714285995,100.0,0.0,4.723102729325817,0.0,1,18,15.0
7040.145,284.4444444444484,100.0,0.0,4.861046108825641,0.0,1,18,15.0
7041.145,291.18181818182194,99.90909090908903,0.0,4.986579931823022,0.0,1,18,15.0
7042.145,295.5555555555567,99.55555555555668,0.0,5.146383129073699,0.0,1,18,15.0
7043.145,298.0,99.1281249999978,0.0,5.3185764509650575,0.0,1,18,15.0
7044.145,301.9972222222242,99.0,0.0,5.3597128057486945,0.0,1,18,15.0
7045.145,304.0,99.87499999999751,0.0,4.92313868762368,0.0,1,18,15.0
7046.145,301.0,99.0,0.0,4.196285202858154,0.0,1,18,15.0
7047.145,289.2222222222166,99.0,0.0,3.6573050207211777,0.0,1,18,15.0
7048.145,229.39999999993452,7.599999999992724,1.0,3.310977257595308,0.0,2,18,15.0
7049.145,178.00414937758288,11.323651452306601,1.0,3.5087736193097903,0.0,2,18,15.0
7050.145,179.4781250000154,79.42812500005066,0.0,3.9109960369646704,0.0,2,18,15.0
7051.145,207.29166666669605,86.17083333333039,0.0,4.258039335577152,0.0,2,18,15.0
7052.145,228.28571428571985,99.42857142857004,0.0,4.516812855823004,0.0,2,18,15.0
7053.145,248.0,99.0,0.0,4.789791455568657,0.0,2,18,15.0
7054.145,262.00000000000506,99.0,0.0,4.979861845107704,0.0,2,18,15.0
7055.145,273.37500000000176,99.0,0.0,5.1492292357089795,0.0,2,18,15.0
7056.145,283.6156250000066,100.0,0.0,5.307075940595316,0.0,2,18,15.0
7057.145,289.99166666667253,99.0,0.0,5.418434204543167,0.0,2,18,15.0
7058.145,292.0,99.0,0.0,5.574097442470494,0.0,2,18,15.0
7059.145,295.66666666666794,99.83333333333397,0.0,5.68462284581348,0.0,2,18,15.0
7060.145,297.87500000000034,99.0,0.0,5.733393275854046,0.0,2,18,15.0
7061.145,300.333333333335,99.0,0.0,5.471818955422541,0.0,2,18,15.0
7062.145,302.0,99.0,0.0,4.984897384157757,0.0,2,18,15.0
7063.145,302.22499999999803,99.0,0.0,4.368394587583013,0.0,2,18,15.0
7064.145,280.46428571426054,38.396428571249835,1.0,3.925018544143144,0.0,2,18,15.0
7065.145,209.49999999999005,7.250000000004974,1.0,3.972836431087254,0.0,2,18,15.0
7066.145,191.99999999998863,39.500000000019895,0.0,4.248130927969991,0.0,2,18,15.0
7067.145,197.30769230769465,80.11538461539239,0.0,4.590520905423861,0.0,2,18,15.0
7068.145,218.63636363637679,96.81818181818839,0.0,4.888437086157801,0.0,2,18,15.0
7069.145,241.27142857143863,100.0,0.0,5.1963703347680195,0.0,2,18,15.0
7070.145,256.31388888889677,100.0,0.0,5.509892396294372,0.0,2,18,15.0
7071.145,269.5607142857218,100.0,0.0,51.48439965646244,0.0,2,18,15.0
7072.145,282.42857142857326,100.0,0.0,6.040025600924893,0.0,2,18,15.0
7073.145,290.25000000000216,99.0,0.0,6.271986818666979,0.0,2,18,15.0
7074.145,295.0,100.0,0.0,6.477815455054179,0.0,2,18,15.0
7074.945,297.0,99.0,0.0,96.94661294714369,0.0,0,19,16.0
7075.945,301.0,99.86071428571502,0.0,6.968245008691109,0.0,0,19,16.0
7076.945,303.9964285714278,99.0,0.0,7.181290846227678,0.0,0,19,16.0
7077.945,305.71071428571355,99.0,0.0,0.06179848313555802,0.0,0,19,16.0
7078.945,307.88888888888914,99.0,0.0,0.11456445798003705,0.0,0,19,16.0
7079.945,308.0,99.0,0.0,0.2026391404255162,0.0,0,19,16.0
7080.945,310.0,99.0,0.0,0.3256032478765787,0.0,0,19,16.0
7081.945,315.12461059190025,99.0,0.0,0.35305268465785783,0.0,0,19,16.0
7082.945,316.7656250000032,99.0,0.0,0.250096299722499,0.0,0,19,16.0
7083.945,278.3750000000085,10.687500000004263,1.0,0.27494357142927994,0.0,0,19,16.0
7084.945,191.0,0.7547169811330469,1.0,0.2461990970589712,0.0,0,19,16.0
7085.945,128.85714285715957,0.0,1.0,0.20205068124945436,0.0,0,19,16.0
7086.945,88.57142857142857,0.0,1.0,0.155508537539045,0.0,0,19,16.0
7087.945,74.0,13.39999999999227,0.0,0.14368490643507092,0.0,0,19,16.0
7088.945,75.3500000000034,7.416666666660983,1.0,0.13361647119770756,0.0,0,19,16.0
7089.945,80.87954545453941,39.236363636356195,0.0,0.16495430981573778,0.0,0,19,16.0
7090.945,111.61944444443478,73.63611111110485,0.0,0.2282604702782386,0.0,0,19,16.0
7091.945,162.54317548746263,97.44011142061193,0.0,0.3321176141329831,0.0,0,19,16.0
7092.945,202.28571428571428,99.57142857142857,0.0,0.3868118678703842,0.0,0,19,16.0
7093.945,236.8,100.0,0.0,0.5113170107899319,0.0,0,19,16.0
7094.945,257.0,99.0,0.0,0.5674607340812633,0.0,0,19,16.0
7095.945,275.9699999999939,100.0,0.0,0.5812046623406086,0.0,0,19,16.0
7096.945,285.99722222222164,100.0,0.0,0.595779684850867,0.0,0,19,16.0
7097.945,293.5041666666675,100.0,0.0,0.5857843030809741,0.0,0,19,16.0
7098.945,296.7999999999982,100.0,0.0,0.6864862684052772,0.0,0,19,16.0
7099.945,299.0,100.0,0.0,0.5669838265613023,0.0,0,19,16.0
7100.945,296.4,100.0,0.0,0.5118116264381024,0.0,0,19,16.0
7101.945,300.1083333333328,100.0,0.0,0.47240768194756294,0.0,0,19,16.0
7102.945,305.48749999999745,99.0,0.0,0.4747687801931805,0.0,0,19,16.0
7103.945,299.36388888889513,88.10000000002046,0.0,0.3624838745936142,0.0,1,19,16.0
7104.945,231.89500000001945,0.20500000000102314,1.0,0.33703843542148,0.0,1,19,16.0
7105.945,152.5,0.0,1.0,0.18293913785740373,0.0,1,19,16.0
7106.945,110.0,0.0,1.0,0.1816516047410829,0.0,1,19,16.0
7107.945,100.66666666666667,43.666666666666664,0.0,0.2323792888777261,0.0,1,19,16.0
7108.945,118.97499999999488,57.59999999998636,0.0,0.25211132644191697,0.0,1,19,16.0
7109.945,149.47249999999437,91.46249999999233,0.0,0.2950501491255024,0.0,1,19,16.0
7110.945,181.73124999999615,99.0,0.0,0.3778471049331859,0.0,1,19,16.0
7111.945,198.9972144846791,99.0,0.0,0.41404266843328236,0.0,1,19,16.0
7112.945,213.0,99.0,0.0,0.4370372398634644,0.0,1,19,16.0
7113.945,226.2,87.6,0.0,0.4140183395995626,0.0,1,19,16.0
7114.945,196.0062111801255,11.012422360250973,0.0,0.4156231645047267,0.0,1,19,16.0
7115.945,184.27499999999782,57.32499999997881,0.0,0.4196164557104159,0.0,1,19,16.0
7116.945,192.98999999999796,94.97499999999488,0.0,0.44072497199847105,0.0,1,19,16.0
7117.945,206.99499999999898,100.0,0.0,0.4666682808368136,0.0,1,19,16.0
7118.945,219.74999999999787,99.0,0.0,0.4962674198428428,0.0,1,19,16.0
7119.945,220.0,99.0,0.0,0.5472979645446848,0.0,1,19,16.0
7120.945,179.71428571428572,6.428571428571429,1.0,0.39914042956744195,0.0,1,19,16.0
7121.945,168.98749999999745,61.64583333332907,0.0,0.4154113154253267,0.0,1,19,16.0
7122.945,192.0,100.0,0.0,0.5324296453407132,0.0,1,19,16.0
7123.945,223.97499999999488,99.0,0.0,0.6718122704844077,0.0,1,19,16.0
7124.945,247.38499999999692,99.89749999999948,0.0,0.8116231412994361,0.0,1,19,16.0
7125.945,272.16666666666606,100.0,0.0,0.8895335089624277,0.0,1,19,16.0
7126.945,284.1249999999968,99.0,0.0,0.958402223397984,0.0,1,19,16.0
7127.945,294.7142857142857,99.0,0.0,0.8774997743787171,0.0,1,19,16.0
7128.945,299.9937499999987,99.49687499999936,0.0,0.9073321279255244,0.0,1,19,16.0
7129.945,304.99687499999936,99.0,0.0,0.9147106912710367,0.0,1,19,16.0
7130.945,309.7437499999987,99.0,0.0,0.9220659516923287,0.0,1,19,16.0
7131.945,313.5499999999989,99.0,0.0,0.9739111874258236,0.0,1,19,16.0
7132.945,314.875,99.0,0.0,1.0099679258227898,0.0,1,19,16.0
7133.945,304.0,99.0,0.0,0.8661139849182075,0.0,1,19,16.0
7134.945,227.9678571428798,1.5785714285728902,1.0,0.6005196172692889,0.0,1,19,16.0
7135.945,171.0,12.899999999979537,0.0,0.5764117830269224,0.0,2,19,16.0
7136.945,177.73437499999682,81.45624999999104,0.0,0.6482696168136011,0.0,2,19,16.0
7137.945,206.24374999999873,80.46249999999233,0.0,0.678719518057296,0.0,2,19,16.0
7138.945,226.66108786610764,99.16736401673654,0.0,0.7517887928711575,0.0,2,19,16.0
7139.945,246.7142857142834,99.0,0.0,0.8210997964680586,0.0,2,19,16.0
7140.945,259.4999999999981,99.0,0.0,0.9879632408182154,0.0,2,19,16.0
7141.945,273.70357142856926,99.0,0.0,0.9380766551845794,0.0,2,19,16.0
7142.945,285.98333333332994,99.0,0.0,0.9848375478883554,0.0,2,19,16.0
7143.945,293.9937499999987,99.0,0.0,0.9946903433727148,0.0,2,19,16.0
7144.945,298.7437499999987,99.87187499999936,0.0,1.0042538042371019,0.0,2,19,16.0
7145.945,303.3749999999989,99.0,0.0,0.9908380544700388,0.0,2,19,16.0
7146.945,306.0,99.0,0.0,1.011303934038421,0.0,2,19,16.0
7147.945,310.9958506224058,99.0,0.0,0.9919140055767721,0.0,2,19,16.0
7148.945,313.2821428571421,99.0,0.0,0.9483825641168495,0.0,2,19,16.0
7149.945,313.68333333333675,99.0,0.0,0.8317333236635185,0.0,2,19,16.0
7150.945,268.2416666666934,43.75833333337483,1.0,0.5493420612710475,0.0,2,19,16.0
7151.945,204.2090909090965,5.447727272725878,1.0,0.41185743957415993,0.0,2,19,16.0
7152.945,187.0,55.0,0.0,0.38885520441920524,0.0,2,19,16.0
7153.945,197.0,75.0,0.0,0.4453692259799705,0.0,2,19,16.0
7154.945,217.96249999999233,100.0,0.0,0.571434106731201,0.0,2,19,16.0
7155.945,242.39999999999415,100.0,0.0,0.6371132840618638,0.0,2,19,16.0
7156.945,260.9799999999959,100.0,0.0,0.6739736607797063,0.0,2,19,16.0
7157.945,273.72777777776946,100.0,0.0,0.565561537651631,0.0,2,19,16.0
7158.945,286.58999999999793,100.0,0.0,0.9253837151658532,0.0,2,19,16.0
7159.945,298.0,99.0,0.0,1.0284653820390872,0.0,2,19,16.0
7160.945,303.0,99.0,0.0,6.470842414547085,0.0,2,19,16.0
7161.586,306.0,100.0,0.0,97.26559750623157,0.0,0,20,17.0
7162.586,309.625,99.0,0.0,0.6677125118656253,0.0,0,20,17.0
7163.586,313.0,99.0,0.0,0.681152508305446,0.0,0,20,17.0
7164.586,315.0,99.0,0.0,0.6930198470723891,0.0,0,20,17.0
7165.586,317.2505219206682,99.0,0.0,0.6071952348179611,0.0,0,20,17.0
7166.586,321.0,99.0,0.0,0.6123214787486779,0.0,0,20,17.0
7167.586,322.4557823129254,99.0,0.0,0.571613097432534,0.0,0,20,17.0
7168.586,322.0,99.0,0.0,0.5661099468499042,0.0,0,20,17.0
7169.586,314.0,99.0,0.0,3.6812374403312096,0.0,0,20,17.0
7170.586,278.599999999985,10.799999999979988,1.0,2.566705599426259,0.0,0,20,17.0
7171.586,169.0,0.0,1.0,1.868896335960446,0.0,0,20,17.0
7172.586,111.48902821316389,0.0,1.0,0.12242235291905423,0.0,0,20,17.0
7173.586,84.73124999999617,0.0,1.0,1.8260994864296514,0.0,0,20,17.0
7174.586,80.0,20.0,0.0,2.2338136930490293,0.0,0,20,17.0
7175.586,69.0,26.333333333345124,0.0,2.870067880408619,0.0,0,20,17.0
7176.586,88.5,51.0,0.0,0.06784524467751818,0.0,0,20,17.0
7177.586,130.0,83.0,0.0,0.23333386662448846,0.0,0,20,17.0
7178.586,176.0,99.0,0.0,0.38386048974376774,0.0,0,20,17.0
7179.586,220.02750000000563,99.99749999999949,0.0,0.48240397976628163,0.0,0,20,17.0
7180.586,241.42000000000408,99.39499999999897,0.0,0.5303053842539768,0.0,0,20,17.0
7181.586,262.3333333333333,99.66666666666667,0.0,0.6070916419544771,0.0,0,20,17.0
7182.586,275.0,100.0,0.0,0.647323998937982,0.0,0,20,17.0
7183.586,281.57142857142856,100.0,0.0,0.6747099658100062,0.0,0,20,17.0
7184.586,286.0,100.0,0.0,0.933323796942072,0.0,0,20,17.0
7185.586,285.0,100.0,0.0,1.1445733619188343,0.0,0,20,17.0
7186.586,282.88611111111055,100.0,0.0,1.142379207767701,0.0,0,20,17.0
7187.586,282.8333333333333,100.0,0.0,1.160883069243637,0.0,0,20,17.0
7188.586,290.1666666666667,100.0,0.0,1.2484313629395305,0.0,0,20,17.0
7189.586,294.8181818181818,99.18181818181819,0.0,1.2852095168714928,0.0,0,20,17.0
7190.586,286.1666666666667,99.83333333333333,0.0,1.2435026871759531,0.0,1,20,17.0
7191.586,235.0,4.5,1.0,0.8047286263784111,0.0,1,20,17.0
7192.586,140.0,0.0,1.0,0.49292819013173655,0.0,1,20,17.0
7193.586,109.98124999999617,0.06250000001278977,1.0,0.4737292726174593,0.0,1,20,17.0
7194.586,112.66666666667004,43.8888888888917,0.0,0.5182149200538779,0.0,1,20,17.0
7195.586,130.25,63.75,0.0,0.5814048042551786,0.0,1,20,17.0
7196.586,161.6,99.0,0.0,0.7993852580067285,0.0,1,20,17.0
7197.586,188.875,99.0,0.0,0.788044827398194,0.0,1,20,17.0
7198.586,205.0,99.0,0.0,0.8327773325300611,0.0,1,20,17.0
7199.586,218.0,99.0,0.0,0.8746723777537238,0.0,1,20,17.0
7200.586,225.2,7.0,1.0,0.7921884940500751,0.0,1,20,17.0
7201.586,190.8,13.2,0.0,0.7948790939229624,0.0,1,20,17.0
7202.586,190.0,89.0,0.0,0.8127139308595043,0.0,1,20,17.0
7203.586,199.71428571428572,100.0,0.0,0.8579641064763938,0.0,1,20,17.0
7204.586,214.0,100.0,0.0,0.9054535589148263,0.0,1,20,17.0
7205.586,219.71428571428572,99.0,0.0,0.9487885423432594,0.0,1,20,17.0
7206.586,209.28214285714213,43.00714285708585,1.0,0.8025456700425978,0.0,1,20,17.0
7207.586,175.0,13.0,0.0,0.701719885471312,0.0,1,20,17.0
7208.586,174.5,75.5,0.0,0.8077746446132968,0.0,1,20,17.0
7209.586,209.0909090909091,100.0,0.0,0.9213473986521101,0.0,1,20,17.0
7210.586,235.0,99.5,0.0,1.0479359729797684,0.0,1,20,17.0
7211.586,257.0,100.0,0.0,1.1925971243463085,0.0,1,20,17.0
7212.586,276.6000000000032,100.0,0.0,1.2530462802484053,0.0,1,20,17.0
7213.586,289.0,100.0,0.0,1.3481480849360994,0.0,1,20,17.0
7214.586,296.1818181818182,99.9090909090909,0.0,1.337103670393936,0.0,1,20,17.0
7215.586,300.375,99.0,0.0,1.3503644458470556,0.0,1,20,17.0
7216.586,304.2857142857143,99.14285714285714,0.0,1.3524950760037917,0.0,1,20,17.0
7217.586,308.0,100.0,0.0,1.356189112559636,0.0,1,20,17.0
7218.586,309.8,99.4,0.0,1.3695267531100548,0.0,1,20,17.0
7219.586,299.99999999999494,99.0,0.0,1.3585141453990535,0.0,1,20,17.0
7220.586,282.9999999999899,83.6666666666473,0.0,1.1129693274745864,0.0,1,20,17.0
7221.586,194.0,3.0,1.0,0.7641618558577016,0.0,2,20,17.0
7222.586,170.0,41.66666666666667,0.0,0.8226758525788754,0.0,2,20,17.0
7223.586,187.0,87.28571428571429,0.0,0.8908047702840263,0.0,2,20,17.0
7224.586,211.66666666666666,87.66666666666667,0.0,0.9761508253839439,0.0,2,20,17.0
7225.586,235.5,99.0,0.0,1.0671768819576677,0.0,2,20,17.0
7226.586,250.27272727272728,99.0,0.0,1.1392786166666262,0.0,2,20,17.0
7227.586,265.1111111111111,99.0,0.0,1.3459663693603283,0.0,2,20,17.0
7228.586,278.7272727272774,99.45454545454452,0.0,1.385476327788986,0.0,2,20,17.0
7229.586,290.2,99.6,0.0,1.4117144410298925,0.0,2,20,17.0
7230.586,296.0,99.0,0.0,1.4000058414077514,0.0,2,20,17.0
7231.586,300.3,99.0,0.0,1.3962324768044545,0.0,2,20,17.0
7232.586,303.6666666666667,99.0,0.0,1.3168990752695924,0.0,2,20,17.0
7233.586,307.3636363636364,99.18181818181819,0.0,1.2155517357987355,0.0,2,20,17.0
7234.586,310.0,99.0,0.0,1.1937454094891191,0.0,2,20,17.0
7235.586,312.70000000000067,99.0,0.0,1.1477250192990898,0.0,2,20,17.0
7236.586,302.0,99.0,0.0,1.019737415904349,0.0,2,20,17.0
7237.586,242.87499999998897,6.374999999998934,1.0,0.6968629758836068,0.0,2,20,17.0
7238.586,200.66666666666666,9.666666666666666,1.0,0.6031547974854777,0.0,2,20,17.0
7239.586,184.5,48.0,0.0,0.6149226569427197,0.0,2,20,17.0
7240.586,196.00000000000284,80.7500000000064,0.0,0.8163588156263126,0.0,2,20,17.0
7241.586,226.0,100.0,0.0,0.9717491468026571,0.0,2,20,17.0
7242.586,236.0,100.0,0.0,1.080170202252764,0.0,2,20,17.0
7243.586,267.5,100.0,0.0,1.1164084826902205,0.0,2,20,17.0
7244.586,279.0,100.0,0.0,1.2431920933901097,0.0,2,20,17.0
7245.586,294.4,100.0,0.0,1.3711040118269233,0.0,2,20,17.0
7246.586,305.3278008298744,99.33609958506281,0.0,1.4317236845963215,0.0,2,20,17.0
7247.986,315.0,100.0,0.0,1.400005901322041,0.0,0,21,18.0
7248.986,316.0,99.0,0.0,1.3777399567311166,0.0,0,21,18.0
7249.986,318.0,99.0,0.0,1.3468398964580768,0.0,0,21,18.0
7250.986,319.8,99.2,0.0,1.3301143105131719,0.0,0,21,18.0
7251.986,321.375,99.375,0.0,1.265302297808907,0.0,0,21,18.0
7252.986,321.40298507462745,99.0,0.0,1.2226058328837794,0.0,0,21,18.0
7253.986,323.3333333333333,99.0,0.0,1.1894554574365195,0.0,0,21,18.0
7254.986,323.5,99.0,0.0,1.205572115839962,0.0,0,21,18.0
7255.986,312.0,99.0,0.0,1.1915346686056123,0.0,0,21,18.0
7256.986,263.22222222222223,4.777777777777777,1.0,0.903362737019819,0.0,0,21,18.0
7257.986,158.75,0.0,1.0,0.6099157605465818,0.0,0,21,18.0
7258.986,105.25,0.0,1.0,0.3456861700820761,0.0,0,21,18.0
7259.986,80.5857142857172,0.0,0.0,0.2911571348921189,0.0,0,21,18.0
7260.986,80.0,6.0,1.0,0.26533152849276714,0.0,0,21,18.0
7261.986,75.0,29.0,0.0,0.2928766249975096,0.0,0,21,18.0
7262.986,94.14285714285714,59.42857142857143,0.0,0.42592591303104205,0.0,0,21,18.0
7263.986,138.4,85.8,0.0,0.5984493194675459,0.0,0,21,18.0
7264.986,183.66666666666666,99.33333333333333,0.0,0.747755589611078,0.0,0,21,18.0
7265.986,222.28571428571428,99.57142857142857,0.0,0.9791244926369476,0.0,0,21,18.0
7266.986,247.9791666666624,99.0,0.0,1.0432722552003448,0.0,0,21,18.0
7267.986,266.0,100.0,0.0,1.1196926779662493,0.0,0,21,18.0
7268.986,275.6,100.0,0.0,1.1634723357883199,0.0,0,21,18.0
7269.986,284.14285714285717,100.0,0.0,1.19126029190297,0.0,0,21,18.0
7270.986,286.2,100.0,0.0,1.3114294440506824,0.0,0,21,18.0
7271.986,284.0,100.0,0.0,1.272353362912053,0.0,0,21,18.0
7272.986,283.0,100.0,0.0,1.2879405599879399,0.0,0,21,18.0
7273.986,283.8,100.0,0.0,1.298858417617637,0.0,0,21,18.0
7274.986,290.0,100.0,0.0,1.3087417608061687,0.0,0,21,18.0
7275.986,293.75,100.0,0.0,1.2503655075080695,0.0,1,21,18.0
7276.986,282.0,100.0,0.0,1.166671515469188,0.0,1,21,18.0
7277.986,215.45454545454547,0.6363636363636364,1.0,0.746580675219282,0.0,1,21,18.0
7278.986,139.0,0.0,1.0,0.5033941455671734,0.0,1,21,18.0
7279.986,109.41000000000204,2.5899999999979535,1.0,0.4877883197061448,0.0,1,21,18.0
7280.986,120.0,48.0,0.0,0.521128708483437,0.0,1,21,18.0
7281.986,134.16666666666447,69.74999999999669,0.0,0.6416570203620553,0.0,1,21,18.0
7282.986,166.5,99.625,0.0,0.7733811737170032,0.0,1,21,18.0
7283.986,190.66666666666666,99.0,0.0,0.7932799068459383,0.0,1,21,18.0
7284.986,205.14285714285714,99.0,0.0,0.8670380363263928,0.0,1,21,18.0
7285.986,219.19402985074504,99.0,0.0,0.9062066412892552,0.0,1,21,18.0
7286.986,213.03750000000767,10.19375000003965,1.0,0.8164598021490619,0.0,1,21,18.0
7287.986,190.0,32.6,0.0,0.7686807875281422,0.0,1,21,18.0
7288.986,192.0,100.0,0.0,0.8063337791039671,0.0,1,21,18.0
7289.986,202.0,100.0,0.0,0.8613561153027962,0.0,1,21,18.0
7290.986,213.9090909090909,99.0,0.0,0.8933417078848727,0.0,1,21,18.0
7291.986,220.42857142857142,99.0,0.0,0.9712985281716562,0.0,1,21,18.0
7292.986,206.0312500000064,52.293750000060115,0.0,0.790820246255881,0.0,1,21,18.0
7293.986,167.0,14.0,0.0,0.7177379832277762,0.0,1,21,18.0
7294.986,177.0,81.875,0.0,0.850178862583889,0.0,1,21,18.0
7295.986,209.0,99.0,0.0,1.0005153400368771,0.0,1,21,18.0
7296.986,235.8518518518486,99.14814814814802,0.0,1.1601997946959446,0.0,1,21,18.0
7297.986,258.8888888888889,99.77777777777777,0.0,1.2588141338473524,0.0,1,21,18.0
7298.986,277.1666666666667,99.16666666666667,0.0,1.3481832681324388,0.0,1,21,18.0
7299.986,288.8291666666658,99.82916666666581,0.0,1.3966552419510758,0.0,1,21,18.0
7300.986,296.0,99.0,0.0,1.4006740820203336,0.0,1,21,18.0
7301.986,302.0,99.0,0.0,1.415128447546793,0.0,1,21,18.0
7302.986,306.0,99.0,0.0,1.4080310002481389,0.0,1,21,18.0
7303.986,309.1666666666667,99.58333333333333,0.0,1.4528953926199955,0.0,1,21,18.0
7304.986,310.625,99.0,0.0,1.539494042134071,0.0,1,21,18.0
7305.986,298.7687500000038,99.0,0.0,1.4996265182127757,0.0,1,21,18.0
7306.986,287.68333333333675,84.18750000003837,0.0,1.1443272833346558,0.0,1,21,18.0
7307.986,209.7,2.6,1.0,0.8264001606497746,0.0,2,21,18.0
7308.986,167.0,24.5,0.0,0.8684702599616426,0.0,2,21,18.0
7309.986,190.0,89.0,0.0,0.976153417286434,0.0,2,21,18.0
7310.986,208.5,88.0,0.0,1.0840409289464323,0.0,2,21,18.0
7311.986,234.6,98.0,0.0,1.2069465166951696,0.0,2,21,18.0
7312.986,250.3799999999959,99.0,0.0,1.3313913938308077,0.0,2,21,18.0
7313.986,265.4401114206119,99.0,0.0,1.4488725604520163,0.0,2,21,18.0
7314.986,278.75,99.0,0.0,1.497373863286498,0.0,2,21,18.0
7315.986,290.25,99.875,0.0,1.5005495877171233,0.0,2,21,18.0
7316.986,297.5,100.0,0.0,1.5111663772271373,0.0,2,21,18.0
7317.986,302.7142857142857,100.0,0.0,1.521723565133192,0.0,2,21,18.0
7318.986,306.0,99.0,0.0,1.4903503560815607,0.0,2,21,18.0
7319.986,307.8535714285707,100.0,0.0,1.400703019022354,0.0,2,21,18.0
7320.986,311.0,99.0,0.0,1.3829618015060894,0.0,2,21,18.0
7321.986,314.0,100.0,0.0,1.3316202064929223,0.0,2,21,18.0
7322.986,302.0,99.0,0.0,1.1118356654468855,0.0,2,21,18.0
7323.986,239.85714285714286,6.571428571428571,1.0,0.7824905459016267,0.0,2,21,18.0
7324.986,195.2,13.6,0.0,0.9589191355006201,0.0,2,21,18.0
7325.986,189.48749999999745,68.6333333333265,0.0,0.9766099068842289,0.0,2,21,18.0
7326.986,204.97777777777324,85.98333333332992,0.0,1.165168643098746,0.0,2,21,18.0
7327.986,230.66666666666666,100.0,0.0,1.052072869911227,0.0,2,21,18.0
7328.986,255.6,100.0,0.0,1.0995710166216346,0.0,2,21,18.0
7329.986,269.7142857142857,100.0,0.0,1.1408114749600486,0.0,2,21,18.0
7330.986,283.0,100.0,0.0,1.1810937919560711,0.0,2,21,18.0
7331.986,300.3746097814772,99.95837669094698,0.0,1.249845183485234,0.0,2,21,18.0
7332.986,309.98749999999745,99.0,0.0,1.374079825748551,0.0,2,21,18.0
7334.227,319.0,100.0,0.0,1.3446813126607067,0.0,0,22,19.0
7335.227,320.7949999999999,99.0,0.0,1.3171964464723305,0.0,0,22,19.0
7336.227,323.0,99.82916666666647,0.0,1.2909885598225481,0.0,0,22,19.0
7337.227,323.0,99.0,0.0,1.247734934089326,0.0,0,22,19.0
7338.227,324.0,99.55833333333248,0.0,1.15462112759564,0.0,0,22,19.0
7339.227,325.375,99.0,0.0,1.1302880832833537,0.0,0,22,19.0
7340.227,326.875,99.0,0.0,1.0702721295017057,0.0,0,22,19.0
7341.227,325.27956989247184,99.0,0.0,1.0978689722429877,0.0,0,22,19.0
7342.227,311.5571428571399,99.0,0.0,0.9935715252254586,0.0,0,22,19.0
7343.227,231.36428571424332,1.846428571426379,1.0,0.7338336527773875,0.0,0,22,19.0
7344.227,148.73250000002318,0.0,1.0,0.48519329612102563,0.0,0,22,19.0
7345.227,100.54570637118913,0.0,1.0,0.3310801028951203,0.0,0,22,19.0
7346.227,80.66666666666667,1.1666666666666665,0.0,0.3030081792389403,0.0,0,22,19.0
7347.227,77.0,4.0,1.0,0.2591741399521054,0.0,0,22,19.0
7348.227,71.72142857143004,30.74642857143515,0.0,0.2873404276586559,0.0,0,22,19.0
7349.227,100.07500000001535,67.0,0.0,0.388889291407408,0.0,0,22,19.0
7350.227,143.7083333333354,86.68333333333416,0.0,0.512618756087167,0.0,0,22,19.0
7351.227,191.04166666667518,99.0,0.0,0.6150050452424922,0.0,0,22,19.0
7352.227,229.0,99.75,0.0,0.7525301252853966,0.0,0,22,19.0
7353.227,249.55555555555554,99.44444444444444,0.0,0.8036184837634796,0.0,0,22,19.0
7354.227,270.0,100.0,0.0,0.8352540793341485,0.0,0,22,19.0
7355.227,278.15000000000146,100.0,0.0,0.8723246914345197,0.0,0,22,19.0
7356.227,284.0,100.0,0.0,0.8942002837037513,0.0,0,22,19.0
7357.227,286.8974999999997,100.0,0.0,1.0034847977895793,0.0,0,22,19.0
7358.227,284.99688473520183,100.0,0.0,1.0079624388678132,0.0,0,22,19.0
7359.227,283.5,100.0,0.0,1.0005021862998362,0.0,0,22,19.0
7360.227,284.625,100.0,0.0,1.0111145469776663,0.0,0,22,19.0
7361.227,292.0,100.0,0.0,1.011115312651725,0.0,0,22,19.0
7362.227,291.99375000000157,100.0,0.0,0.8422722557725956,0.0,1,22,19.0
7363.227,281.74374999999947,98.61562499999917,0.0,0.7645422370810995,0.0,1,22,19.0
7364.227,195.9749999999982,0.0,1.0,0.520174111797446,0.0,1,22,19.0
7365.227,131.6,0.0,1.0,0.4239269153520613,0.0,1,22,19.0
7366.227,106.6,14.4,0.0,0.4154255809674542,0.0,1,22,19.0
7367.227,120.2,37.8,0.0,0.433296028617847,0.0,1,22,19.0
7368.227,140.02228412256724,85.37047353761209,0.0,0.5308879241158421,0.0,1,22,19.0
7369.227,172.25625000000127,99.0,0.0,0.7373654064728226,0.0,1,22,19.0
7370.227,192.14062500000318,99.0,0.0,0.6949545769178587,0.0,1,22,19.0
7371.227,209.00623052959628,99.0,0.0,0.7353081504482094,0.0,1,22,19.0
7372.227,221.22222222222223,99.0,0.0,0.7831980487281524,0.0,1,22,19.0
7373.227,210.0,15.0,1.0,0.7518121514103565,0.0,1,22,19.0
7374.227,186.66666666666666,42.44444444444444,0.0,0.7242457129410216,0.0,1,22,19.0
7375.227,190.78888888888665,88.39166666665488,0.0,0.7442870677706511,0.0,1,22,19.0
7376.227,203.6958333333393,99.0,0.0,0.7972814662442582,0.0,1,22,19.0
7377.227,215.45833333333618,99.89166666666723,0.0,0.7871281463747808,0.0,1,22,19.0
7378.227,217.19700748129614,99.0,0.0,0.7657370723966073,0.0,1,22,19.0
7379.227,191.42857142857142,7.857142857142858,1.0,0.5962145795685876,0.0,1,22,19.0
7380.227,169.375,47.875,0.0,0.5851191542611236,0.0,1,22,19.0
7381.227,183.66666666666666,93.33333333333333,0.0,0.7100982196219456,0.0,1,22,19.0
7382.227,218.84772727273332,100.0,0.0,0.8618168927559892,0.0,1,22,19.0
7383.227,244.43500000000063,99.0,0.0,1.03128831438033,0.0,1,22,19.0
7384.227,266.4200000000041,100.0,0.0,1.1221381353736932,0.0,1,22,19.0
7385.227,281.49999999999693,100.0,0.0,1.2049622410992509,0.0,1,22,19.0
7386.227,294.0,99.0,0.0,1.231211665826993,0.0,1,22,19.0
7387.227,297.8333333333333,99.0,0.0,1.1991911637576356,0.0,1,22,19.0
7388.227,303.0,99.1673640167359,0.0,1.2170360651174983,0.0,1,22,19.0
7389.227,307.210000000002,99.0,0.0,1.2123256101418372,0.0,1,22,19.0
7390.227,310.0041666666675,99.9958333333325,0.0,1.2963097888852586,0.0,1,22,19.0
7391.227,310.875,99.0,0.0,1.3287092886910796,0.0,1,22,19.0
7392.227,299.7142857142857,99.0,0.0,1.339491118402454,0.0,1,22,19.0
7393.227,264.0,9.0,1.0,0.9325504347645247,0.0,1,22,19.0
7394.227,182.41666666666777,3.749999999998579,1.0,0.7577523072394554,0.0,2,22,19.0
7395.227,172.59499999999898,58.64500000000921,0.0,0.8193458081636894,0.0,2,22,19.0
7396.227,195.0,82.0,0.0,0.879766272016553,0.0,2,22,19.0
7397.227,213.4722222222166,90.81388888888159,0.0,0.9675957441303429,0.0,2,22,19.0
7398.227,237.2,99.0,0.0,1.0681307189247278,0.0,2,22,19.0
7399.227,252.25,99.0,0.0,1.1308477996780573,0.0,2,22,19.0
7400.227,267.5,99.0,0.0,1.1550514074282876,0.0,2,22,19.0
7401.227,282.0,100.0,0.0,1.2129197901713158,0.0,2,22,19.0
7402.227,293.6750000000017,100.0,0.0,1.2170449709215714,0.0,2,22,19.0
7403.227,300.0041666666675,99.0,0.0,1.22165326728319,0.0,2,22,19.0
7404.227,304.3360995850628,99.0,0.0,1.1989909416660987,0.0,2,22,19.0
7405.227,308.0,99.16666666666667,0.0,1.192413110528655,0.0,2,22,19.0
7406.227,310.25,99.0,0.0,1.1574925158389793,0.0,2,22,19.0
7407.227,313.0,99.0,0.0,1.1311140156818305,0.0,2,22,19.0
7408.227,311.5421412300707,99.0,0.0,1.0561465581295706,0.0,2,22,19.0
7409.227,290.8285714285694,84.96785714283443,0.0,0.9175879126309996,0.0,2,22,19.0
7410.227,221.23124999999615,6.256250000001279,1.0,0.6673553307465325,0.0,2,22,19.0
7411.227,189.90702947845762,23.548752834467795,0.0,0.6221292714362553,0.0,2,22,19.0
7412.227,189.5,69.83333333333333,0.0,0.6625137148749588,0.0,2,22,19.0
7413.227,207.5,89.5,0.0,0.886661364547514,0.0,2,22,19.0
7414.227,235.42857142857142,100.0,0.0,0.9811218966790137,0.0,2,22,19.0
7415.227,256.514106583075,100.0,0.0,1.0358941189902124,0.0,2,22,19.0
7416.227,275.4100000000002,100.0,0.0,0.8744439366617736,0.0,2,22,19.0
7417.227,289.8541666666677,100.0,0.0,1.1686088470242375,0.0,2,22,19.0
7418.227,305.0,100.0,0.0,1.1969163119029826,0.0,2,22,19.0
7419.227,318.1111111111111,99.22222222222223,0.0,6.828970801733532,0.0,2,22,19.0
7420.267,329.0,99.0,0.0,1.1967116522208734,0.0,0,23,20.0
7421.267,336.77777777777777,99.0,0.0,1.096127364377298,0.0,0,23,20.0
7422.267,342.5062500000013,99.0,0.0,0.9661855038950655,0.0,0,23,20.0
7423.267,342.2821428571421,99.0,0.0,0.8011345237756392,0.0,0,23,20.0
7424.267,342.0,99.0,0.0,0.6046105433016611,0.0,0,23,20.0
7425.267,341.0,99.0,0.0,0.47281408918753454,0.0,0,23,20.0
7426.267,341.0,99.0,0.0,0.33182085526258015,0.0,0,23,20.0
7427.267,333.3333333333333,99.0,0.0,0.20851939830781657,0.0,0,23,20.0
7428.267,307.0,75.75,0.0,0.17348202459560322,0.0,0,23,20.0
7429.267,202.87777777775307,0.0,1.0,0.10370404433821406,0.0,0,23,20.0
7430.267,118.71999999999855,0.0,1.0,0.07222813499006776,0.0,0,23,20.0
7431.267,81.0,0.0,1.0,0.001877044381448413,0.0,0,23,20.0
7432.267,71.28571428571429,17.42857142857143,0.0,1.8261907285970933,0.0,0,23,20.0
7433.267,65.5,7.5,0.0,2.349960977577163,0.0,0,23,20.0
7434.267,79.99999999999747,45.77777777777581,0.0,3.09033235986774,0.0,0,23,20.0
7435.267,115.34540389971292,72.67409470751564,0.0,3.8376422686659755,0.0,0,23,20.0
7436.267,162.9249999999784,95.17499999998977,0.0,4.470608039234738,0.0,0,23,20.0
7437.267,202.16666666666666,100.0,0.0,4.962940217790934,0.0,0,23,20.0
7438.267,237.0,99.0,0.0,5.185111201554084,0.0,0,23,20.0
7439.267,258.0,99.0,0.0,5.369967200210914,0.0,0,23,20.0
7440.267,280.59999999999866,100.0,0.0,5.5126361204196215,0.0,0,23,20.0
7441.267,289.1666666666667,100.0,0.0,5.492130249919497,0.0,0,23,20.0
7442.267,294.3761755485885,100.0,0.0,5.431659539374315,0.0,0,23,20.0
7443.267,298.860714285715,100.0,0.0,5.370715928786668,0.0,0,23,20.0
7444.267,299.0,100.0,0.0,5.378474498393372,0.0,0,23,20.0
7445.267,298.42857142857144,100.0,0.0,5.311755360647677,0.0,0,23,20.0
7446.267,298.42857142857144,99.42857142857143,0.0,4.937075700434053,0.0,0,23,20.0
7447.267,299.5500000000005,99.95000000000006,0.0,4.0284443184394645,0.0,1,23,20.0
7448.267,291.0,100.0,0.0,3.0744423548026507,0.0,1,23,20.0
7449.267,242.38125000000304,4.48125000000048,1.0,2.311553132914715,0.0,1,23,20.0
7450.267,147.37366548041584,0.0,1.0,2.1035214339649593,0.0,1,23,20.0
7451.267,112.0,2.0,1.0,2.561068605906641,0.0,1,23,20.0
7452.267,115.0,34.0,0.0,2.9813278848241334,0.0,1,23,20.0
7453.267,129.42857142857142,68.57142857142857,0.0,3.3620915991500286,0.0,1,23,20.0
7454.267,162.75,99.0,0.0,3.7672461689049808,0.0,1,23,20.0
7455.267,186.0,99.0,0.0,3.7207009870102996,0.0,1,23,20.0
7456.267,201.125,99.0,0.0,3.6711868262123346,0.0,1,23,20.0
7457.267,216.14285714285714,99.0,0.0,3.564127636906454,0.0,1,23,20.0
7458.267,221.75,47.0,0.0,3.4578097055727035,0.0,1,23,20.0
7459.267,196.66666666666666,25.77777777777778,0.0,3.598872017740186,0.0,1,23,20.0
7460.267,194.44444444444332,82.22222222221913,0.0,3.8206168284348867,0.0,1,23,20.0
7461.267,202.5,99.625,0.0,3.819900922227495,0.0,1,23,20.0
7462.267,217.375,99.125,0.0,3.604182476926507,0.0,1,23,20.0
7463.267,221.19000000000165,99.0,0.0,3.416851471408445,0.0,1,23,20.0
7464.267,210.5,87.33333333333333,0.0,3.412584143493198,0.0,1,23,20.0
7465.267,179.37499999999585,44.416666666675745,0.0,3.557804711721234,0.0,1,23,20.0
7466.267,182.25,81.875,0.0,3.958178178873751,0.0,1,23,20.0
7467.267,211.4,99.4,0.0,4.358763054148064,0.0,1,23,20.0
7468.267,237.83333333333334,99.0,0.0,4.709218453631859,0.0,1,23,20.0
7469.267,260.1841004184136,100.0,0.0,4.972280878426304,0.0,1,23,20.0
7470.267,277.40298507462745,100.0,0.0,5.108659234126428,0.0,1,23,20.0
7471.267,288.25,99.0,0.0,5.243762763735952,0.0,1,23,20.0
7472.267,293.125,99.125,0.0,5.318385067213385,0.0,1,23,20.0
7473.267,295.75,99.25,0.0,5.600023468001739,0.0,1,23,20.0
7474.267,300.0,99.6,0.0,5.651875531121418,0.0,1,23,20.0
7475.267,302.8,99.0,0.0,5.5014308373013465,0.0,1,23,20.0
7476.267,304.42500000000115,99.0,0.0,4.806807519776043,0.0,1,23,20.0
7477.267,295.0,99.0,0.0,4.146150928272913,0.0,1,23,20.0
7478.267,282.7142857142857,99.0,0.0,3.7566059290817937,0.0,1,23,20.0
7479.267,203.0,4.857142857142857,1.0,3.617090885229217,0.0,2,23,20.0
7480.267,174.0909090909091,46.63636363636364,0.0,3.972665898691362,0.0,2,23,20.0
7481.267,196.33333333333334,87.66666666666667,0.0,4.330975667423456,0.0,2,23,20.0
7482.267,217.14285714285714,91.0,0.0,4.710572527777856,0.0,2,23,20.0
7483.267,238.50778816199536,99.0,0.0,4.992858487493995,0.0,2,23,20.0
7484.267,254.0,99.0,0.0,5.225082817922666,0.0,2,23,20.0
7485.267,267.0,99.0,0.0,5.377042834714301,0.0,2,23,20.0
7486.267,276.8,100.0,0.0,5.512854893289811,0.0,2,23,20.0
7487.267,287.6666666666667,99.0,0.0,5.734828824332416,0.0,2,23,20.0
7488.267,297.85714285714283,99.71428571428571,0.0,5.814156776317768,0.0,2,23,20.0
7489.267,303.0,99.0,0.0,5.863320327363929,0.0,2,23,20.0
7490.267,304.0,99.0,0.0,5.910643234400496,0.0,2,23,20.0
7491.267,305.0999999999998,99.0,0.0,5.828192354131265,0.0,2,23,20.0
7492.267,306.46666666666664,99.0,0.0,5.182594950131946,0.0,2,23,20.0
7493.267,307.7142857142857,99.0,0.0,4.675850390901953,0.0,2,23,20.0
7494.267,292.75,99.0,0.0,4.121113022129924,0.0,2,23,20.0
7495.267,246.0,8.0,1.0,3.9402424932087348,0.0,2,23,20.0
7496.267,200.18204488777874,15.73815461347018,1.0,4.085051874673149,0.0,2,23,20.0
7497.267,192.25,66.75,0.0,4.425969032908043,0.0,2,23,20.0
7498.267,206.5,86.5,0.0,4.783748290176867,0.0,2,23,20.0
7499.267,228.85714285714286,100.0,0.0,5.07937950885873,0.0,2,23,20.0
7500.267,252.0,100.0,0.0,5.313547694566622,0.0,2,23,20.0
7501.267,268.25,100.0,0.0,5.656205197985264,0.0,2,23,20.0
7502.267,284.09090909090907,100.0,0.0,1.0326440853977656,0.0,2,23,20.0
7503.267,296.2857142857143,99.14285714285714,0.0,1.0736244504352859,0.0,2,23,20.0
7504.267,305.75,100.0,0.0,1.1308806130203561,0.0,2,23,20.0
